Workbook

Sheet ประเมินล็อต
A1: ประเมินมูลค่าล็อตของทีม
A2: กรอกเฉพาะช่องสีเหลือง (ผลวัดตัวอย่างจากหน้าเว็บ) ช่องอื่นคำนวณเอง · แถว 5 เป็นตัวอย่าง เขียนทับได้
A3: คอลัมน์ K = มูลค่าที่ใส่ในช่อง "ส่งผลประเมินมูลค่า" · คอลัมน์ L = ราคาต่ำสุดที่ไม่ควรขายต่ำกว่า
A4: ล็อต | B4: ความชื้น (%) | C4: เมล็ดเสีย (%) | D4: ขนาดเมล็ด | E4: จำนวน (กระสอบ) | F4: เกรด | G4: ตัวคูณขั้น | H4: G | I4: M | J4: S | K4: มูลค่า TV (บาท/กก.) | L4: ราคาต่ำสุด 0.8×TV | M4: มูลค่ารวม (บาท)
A5: LOT-T05-1 | B5: 13.23 | C5: 1.79 | D5: 14 | E5: 3 | F5: =IF(C5="","",INDEX(สูตร!$C$12:$C$17,COUNTIF(สูตร!$A$12:$A$17,"<"&C5)+1)) -> GRADE_1 | G5: =IF(C5="","",INDEX(สูตร!$B$12:$B$17,COUNTIF(สูตร!$A$12:$A$17,"<"&C5)+1)) -> 1.04 | H5: =IF(C5="","",(1-C5/100)*G5) -> 1.021384 | I5: =IF(B5="","",IF(B5<=สูตร!$B$5,1,IF(B5<=สูตร!$B$7,(1-B5/100)/(1-สูตร!$B$5/100)-สูตร!$B$6*(B5-สูตร!$B$5),สูตร!$B$8))) -> 0.97705714 | J5: =IF(D5="","",INDEX(สูตร!$B$20:$B$26,MATCH(MIN(MAX(D5,12),18),สูตร!$A$20:$A$26,0))) -> 1 | K5: =IF(OR(B5="",C5="",D5=""),"",สูตร!$B$4*H5*I5*J5) -> 119.75406 | L5: =IF(K5="","",สูตร!$B$9*K5) -> 95.803251 | M5: =IF(OR(K5="",E5=""),"",K5*E5*60) -> 21555.732
F6: =IF(C6="","",INDEX(สูตร!$C$12:$C$17,COUNTIF(สูตร!$A$12:$A$17,"<"&C6)+1)) | G6: =IF(C6="","",INDEX(สูตร!$B$12:$B$17,COUNTIF(สูตร!$A$12:$A$17,"<"&C6)+1)) | H6: =IF(C6="","",(1-C6/100)*G6) | I6: =IF(B6="","",IF(B6<=สูตร!$B$5,1,IF(B6<=สูตร!$B$7,(1-B6/100)/(1-สูตร!$B$5/100)-สูตร!$B$6*(B6-สูตร!$B$5),สูตร!$B$8))) | J6: =IF(D6="","",INDEX(สูตร!$B$20:$B$26,MATCH(MIN(MAX(D6,12),18),สูตร!$A$20:$A$26,0))) | K6: =IF(OR(B6="",C6="",D6=""),"",สูตร!$B$4*H6*I6*J6) | L6: =IF(K6="","",สูตร!$B$9*K6) | M6: =IF(OR(K6="",E6=""),"",K6*E6*60)
F7: =IF(C7="","",INDEX(สูตร!$C$12:$C$17,COUNTIF(สูตร!$A$12:$A$17,"<"&C7)+1)) | G7: =IF(C7="","",INDEX(สูตร!$B$12:$B$17,COUNTIF(สูตร!$A$12:$A$17,"<"&C7)+1)) | H7: =IF(C7="","",(1-C7/100)*G7) | I7: =IF(B7="","",IF(B7<=สูตร!$B$5,1,IF(B7<=สูตร!$B$7,(1-B7/100)/(1-สูตร!$B$5/100)-สูตร!$B$6*(B7-สูตร!$B$5),สูตร!$B$8))) | J7: =IF(D7="","",INDEX(สูตร!$B$20:$B$26,MATCH(MIN(MAX(D7,12),18),สูตร!$A$20:$A$26,0))) | K7: =IF(OR(B7="",C7="",D7=""),"",สูตร!$B$4*H7*I7*J7) | L7: =IF(K7="","",สูตร!$B$9*K7) | M7: =IF(OR(K7="",E7=""),"",K7*E7*60)
F8: =IF(C8="","",INDEX(สูตร!$C$12:$C$17,COUNTIF(สูตร!$A$12:$A$17,"<"&C8)+1)) | G8: =IF(C8="","",INDEX(สูตร!$B$12:$B$17,COUNTIF(สูตร!$A$12:$A$17,"<"&C8)+1)) | H8: =IF(C8="","",(1-C8/100)*G8) | I8: =IF(B8="","",IF(B8<=สูตร!$B$5,1,IF(B8<=สูตร!$B$7,(1-B8/100)/(1-สูตร!$B$5/100)-สูตร!$B$6*(B8-สูตร!$B$5),สูตร!$B$8))) | J8: =IF(D8="","",INDEX(สูตร!$B$20:$B$26,MATCH(MIN(MAX(D8,12),18),สูตร!$A$20:$A$26,0))) | K8: =IF(OR(B8="",C8="",D8=""),"",สูตร!$B$4*H8*I8*J8) | L8: =IF(K8="","",สูตร!$B$9*K8) | M8: =IF(OR(K8="",E8=""),"",K8*E8*60)
F9: =IF(C9="","",INDEX(สูตร!$C$12:$C$17,COUNTIF(สูตร!$A$12:$A$17,"<"&C9)+1)) | G9: =IF(C9="","",INDEX(สูตร!$B$12:$B$17,COUNTIF(สูตร!$A$12:$A$17,"<"&C9)+1)) | H9: =IF(C9="","",(1-C9/100)*G9) | I9: =IF(B9="","",IF(B9<=สูตร!$B$5,1,IF(B9<=สูตร!$B$7,(1-B9/100)/(1-สูตร!$B$5/100)-สูตร!$B$6*(B9-สูตร!$B$5),สูตร!$B$8))) | J9: =IF(D9="","",INDEX(สูตร!$B$20:$B$26,MATCH(MIN(MAX(D9,12),18),สูตร!$A$20:$A$26,0))) | K9: =IF(OR(B9="",C9="",D9=""),"",สูตร!$B$4*H9*I9*J9) | L9: =IF(K9="","",สูตร!$B$9*K9) | M9: =IF(OR(K9="",E9=""),"",K9*E9*60)
F10: =IF(C10="","",INDEX(สูตร!$C$12:$C$17,COUNTIF(สูตร!$A$12:$A$17,"<"&C10)+1)) | G10: =IF(C10="","",INDEX(สูตร!$B$12:$B$17,COUNTIF(สูตร!$A$12:$A$17,"<"&C10)+1)) | H10: =IF(C10="","",(1-C10/100)*G10) | I10: =IF(B10="","",IF(B10<=สูตร!$B$5,1,IF(B10<=สูตร!$B$7,(1-B10/100)/(1-สูตร!$B$5/100)-สูตร!$B$6*(B10-สูตร!$B$5),สูตร!$B$8))) | J10: =IF(D10="","",INDEX(สูตร!$B$20:$B$26,MATCH(MIN(MAX(D10,12),18),สูตร!$A$20:$A$26,0))) | K10: =IF(OR(B10="",C10="",D10=""),"",สูตร!$B$4*H10*I10*J10) | L10: =IF(K10="","",สูตร!$B$9*K10) | M10: =IF(OR(K10="",E10=""),"",K10*E10*60)
F11: =IF(C11="","",INDEX(สูตร!$C$12:$C$17,COUNTIF(สูตร!$A$12:$A$17,"<"&C11)+1)) | G11: =IF(C11="","",INDEX(สูตร!$B$12:$B$17,COUNTIF(สูตร!$A$12:$A$17,"<"&C11)+1)) | H11: =IF(C11="","",(1-C11/100)*G11) | I11: =IF(B11="","",IF(B11<=สูตร!$B$5,1,IF(B11<=สูตร!$B$7,(1-B11/100)/(1-สูตร!$B$5/100)-สูตร!$B$6*(B11-สูตร!$B$5),สูตร!$B$8))) | J11: =IF(D11="","",INDEX(สูตร!$B$20:$B$26,MATCH(MIN(MAX(D11,12),18),สูตร!$A$20:$A$26,0))) | K11: =IF(OR(B11="",C11="",D11=""),"",สูตร!$B$4*H11*I11*J11) | L11: =IF(K11="","",สูตร!$B$9*K11) | M11: =IF(OR(K11="",E11=""),"",K11*E11*60)
F12: =IF(C12="","",INDEX(สูตร!$C$12:$C$17,COUNTIF(สูตร!$A$12:$A$17,"<"&C12)+1)) | G12: =IF(C12="","",INDEX(สูตร!$B$12:$B$17,COUNTIF(สูตร!$A$12:$A$17,"<"&C12)+1)) | H12: =IF(C12="","",(1-C12/100)*G12) | I12: =IF(B12="","",IF(B12<=สูตร!$B$5,1,IF(B12<=สูตร!$B$7,(1-B12/100)/(1-สูตร!$B$5/100)-สูตร!$B$6*(B12-สูตร!$B$5),สูตร!$B$8))) | J12: =IF(D12="","",INDEX(สูตร!$B$20:$B$26,MATCH(MIN(MAX(D12,12),18),สูตร!$A$20:$A$26,0))) | K12: =IF(OR(B12="",C12="",D12=""),"",สูตร!$B$4*H12*I12*J12) | L12: =IF(K12="","",สูตร!$B$9*K12) | M12: =IF(OR(K12="",E12=""),"",K12*E12*60)
L13: รวม | M13: =SUM(M5:M12) -> 21555.732
A15: ข้อควรระวัง
A16: • ผลวัดมาจากตัวอย่าง 350 กรัม — ช่วง 2 และ 3 อาจคลาดจากของจริง ล็อตที่เมล็ดเสียใกล้เส้นเกรด (1, 3, 5, 7, 15%) อาจจริงๆ อยู่อีกเกรด
A17: • ช่วง 1 (17 พ.ย.) ผลวัดตรงกับของจริง จึงประเมินได้แม่นเต็มที่
A18: • หนึ่งกระสอบ = 60 กก. · ขายไม่หมดตอนปิดตลาด ระบบขายให้ที่ 0.8 × มูลค่าจริง

Sheet วางแผนขาย
A1: วางแผนข้อเสนอขายแต่ละรอบ
A2: กรอกช่องสีเหลือง · ราคาเสนอ = markup × TV ของล็อต · markup ต่ำกว่า 0.80 ได้น้อยกว่าปล่อยให้ระบบขายให้ตอนปิดตลาด
A3: ผู้ซื้อเลือกข้อเสนอที่ราคาเทียบมูลค่าจริงถูกที่สุดก่อน และไม่รับข้อเสนอที่แพงเกินเพดานของตัวเอง (เพดานไม่เปิดเผย ต้องเดาจากผลรอบก่อนๆ)
A4: รอบ | B4: คำขอซื้อ | C4: ผู้ซื้อ | D4: ประเภท | E4: ล็อต | F4: จำนวน (กระสอบ) | G4: markup | H4: TV ล็อต | I4: ราคาเสนอ (บาท/กก.) | J4: ผล | K4: ขายได้ (กระสอบ) | L4: รายได้ (บาท)
A5: R1 | B5: R1-03 | C5: ชุมพรคั่วบด | D5: COMMERCIAL | E5: LOT-T05-1 | F5: 3 | G5: 1.05 | H5: =IF(E5="","",IFERROR(INDEX(ประเมินล็อต!$K$5:$K$12,MATCH(E5,ประเมินล็อต!$A$5:$A$12,0)),"ไม่พบล็อต")) -> 119.75406 | I5: =IF(OR(G5="",H5="",H5="ไม่พบล็อต"),"",ROUND(G5*H5,1)) -> 125.7 | J5: ขายได้ทั้งหมด | K5: 3 | L5: =IF(OR(I5="",K5=""),"",I5*K5*60) -> 22626
H6: =IF(E6="","",IFERROR(INDEX(ประเมินล็อต!$K$5:$K$12,MATCH(E6,ประเมินล็อต!$A$5:$A$12,0)),"ไม่พบล็อต")) | I6: =IF(OR(G6="",H6="",H6="ไม่พบล็อต"),"",ROUND(G6*H6,1)) | L6: =IF(OR(I6="",K6=""),"",I6*K6*60)
H7: =IF(E7="","",IFERROR(INDEX(ประเมินล็อต!$K$5:$K$12,MATCH(E7,ประเมินล็อต!$A$5:$A$12,0)),"ไม่พบล็อต")) | I7: =IF(OR(G7="",H7="",H7="ไม่พบล็อต"),"",ROUND(G7*H7,1)) | L7: =IF(OR(I7="",K7=""),"",I7*K7*60)
H8: =IF(E8="","",IFERROR(INDEX(ประเมินล็อต!$K$5:$K$12,MATCH(E8,ประเมินล็อต!$A$5:$A$12,0)),"ไม่พบล็อต")) | I8: =IF(OR(G8="",H8="",H8="ไม่พบล็อต"),"",ROUND(G8*H8,1)) | L8: =IF(OR(I8="",K8=""),"",I8*K8*60)
H9: =IF(E9="","",IFERROR(INDEX(ประเมินล็อต!$K$5:$K$12,MATCH(E9,ประเมินล็อต!$A$5:$A$12,0)),"ไม่พบล็อต")) | I9: =IF(OR(G9="",H9="",H9="ไม่พบล็อต"),"",ROUND(G9*H9,1)) | L9: =IF(OR(I9="",K9=""),"",I9*K9*60)
H10: =IF(E10="","",IFERROR(INDEX(ประเมินล็อต!$K$5:$K$12,MATCH(E10,ประเมินล็อต!$A$5:$A$12,0)),"ไม่พบล็อต")) | I10: =IF(OR(G10="",H10="",H10="ไม่พบล็อต"),"",ROUND(G10*H10,1)) | L10: =IF(OR(I10="",K10=""),"",I10*K10*60)
H11: =IF(E11="","",IFERROR(INDEX(ประเมินล็อต!$K$5:$K$12,MATCH(E11,ประเมินล็อต!$A$5:$A$12,0)),"ไม่พบล็อต")) | I11: =IF(OR(G11="",H11="",H11="ไม่พบล็อต"),"",ROUND(G11*H11,1)) | L11: =IF(OR(I11="",K11=""),"",I11*K11*60)
H12: =IF(E12="","",IFERROR(INDEX(ประเมินล็อต!$K$5:$K$12,MATCH(E12,ประเมินล็อต!$A$5:$A$12,0)),"ไม่พบล็อต")) | I12: =IF(OR(G12="",H12="",H12="ไม่พบล็อต"),"",ROUND(G12*H12,1)) | L12: =IF(OR(I12="",K12=""),"",I12*K12*60)
H13: =IF(E13="","",IFERROR(INDEX(ประเมินล็อต!$K$5:$K$12,MATCH(E13,ประเมินล็อต!$A$5:$A$12,0)),"ไม่พบล็อต")) | I13: =IF(OR(G13="",H13="",H13="ไม่พบล็อต"),"",ROUND(G13*H13,1)) | L13: =IF(OR(I13="",K13=""),"",I13*K13*60)
H14: =IF(E14="","",IFERROR(INDEX(ประเมินล็อต!$K$5:$K$12,MATCH(E14,ประเมินล็อต!$A$5:$A$12,0)),"ไม่พบล็อต")) | I14: =IF(OR(G14="",H14="",H14="ไม่พบล็อต"),"",ROUND(G14*H14,1)) | L14: =IF(OR(I14="",K14=""),"",I14*K14*60)
H15: =IF(E15="","",IFERROR(INDEX(ประเมินล็อต!$K$5:$K$12,MATCH(E15,ประเมินล็อต!$A$5:$A$12,0)),"ไม่พบล็อต")) | I15: =IF(OR(G15="",H15="",H15="ไม่พบล็อต"),"",ROUND(G15*H15,1)) | L15: =IF(OR(I15="",K15=""),"",I15*K15*60)
H16: =IF(E16="","",IFERROR(INDEX(ประเมินล็อต!$K$5:$K$12,MATCH(E16,ประเมินล็อต!$A$5:$A$12,0)),"ไม่พบล็อต")) | I16: =IF(OR(G16="",H16="",H16="ไม่พบล็อต"),"",ROUND(G16*H16,1)) | L16: =IF(OR(I16="",K16=""),"",I16*K16*60)
H17: =IF(E17="","",IFERROR(INDEX(ประเมินล็อต!$K$5:$K$12,MATCH(E17,ประเมินล็อต!$A$5:$A$12,0)),"ไม่พบล็อต")) | I17: =IF(OR(G17="",H17="",H17="ไม่พบล็อต"),"",ROUND(G17*H17,1)) | L17: =IF(OR(I17="",K17=""),"",I17*K17*60)
... H44: =IF(E44="","",IFERROR(INDEX(ประเมินล็อต!$K$5:$K$12,MATCH(E44,ประเมินล็อต!$A$5:$A$12,0)),"ไม่พบล็อต")) | I44: =IF(OR(G44="",H44="",H44="ไม่พบล็อต"),"",ROUND(G44*H44,1)) | L44: =IF(OR(I44="",K44=""),"",I44*K44*60)
K46: รวม | L46: =SUM(L5:L44) -> 22626
K47: PR โดยประมาณ | L47: =IFERROR(L46/ประเมินล็อต!M13,"") -> 1.0496512

Sheet สูตร
A1: สูตรมูลค่าจริง (TV) ที่ตลาดเปิดเผย
A2: TV (บาท/กก.) = P0 × G × M × S · ตัวเลขมาจากกล่อง "สูตรมูลค่า" ในหน้าเว็บซื้อขาย (หรือ GET /v1/calendar → rules)
A4: P0 ราคาฐาน (บาท/กก.) | B4: 120
A5: ความชื้นอ้างอิง (%) | B5: 12.5
A6: หักต่อความชื้นที่เกิน 1 จุด | B6: 0.02
A7: ความชื้นสูงสุดก่อนโดนหักหนัก (%) | B7: 15
A8: ตัวคูณเมื่อชื้นเกินเพดาน | B8: 0.6
A9: ขายไม่ออก ระบบขายให้ที่ (× TV) | B9: 0.8
A11: เมล็ดเสียไม่เกิน (%) | B11: ตัวคูณขั้น | C11: เกรด
A12: 1 | B12: 1.08 | C12: PREMIUM | D12: G = (1 − เมล็ดเสีย/100) × ตัวคูณขั้น
A13: 3 | B13: 1.04 | C13: GRADE_1 | D13: M = 1 ถ้าชื้นไม่เกิน 12.5%
A14: 5 | B14: 1 | C14: GRADE_2 | D14: M = (1 − ชื้น/100) ÷ (1 − 12.5/100) − 0.02 × (ชื้น − 12.5) ถ้าชื้นไม่เกิน 15%
A15: 7 | B15: 0.96 | C15: GRADE_3 | D15: M = 0.6 ถ้าชื้นเกิน 15%
A16: 15 | B16: 0.85 | C16: BELOW_STANDARD | D16: S จากตาราง (เล็กกว่า 12 ใช้ค่าของ 12, ใหญ่กว่า 18 ใช้ค่าของ 18)
A17: 100 | B17: 0.6 | C17: REJECT
D18: ตัวเลขสีน้ำเงิน = ค่าจากตลาด ถ้าตลาดประกาศค่าใหม่ แก้ที่นี่ที่เดียว
A19: ขนาดเมล็ด (ตะแกรง) | B19: ตัวคูณ S
A20: 12 | B20: 0.92
A21: 13 | B21: 0.97
A22: 14 | B22: 1
A23: 15 | B23: 1
A24: 16 | B24: 1.03
A25: 17 | B25: 1.03
A26: 18 | B26: 1.06
